Documento,NombrePersonaContacto,DomicilioPersonaContacto,CelularPersonaContacto
"45453434","juangarcia","uruguay 78","343434"
"44701073","cava","itguanzoasd 899","32434"
"44771013","cava","muolins 1516","34345123"
"432424","ASDASDA","asdasd","343"
"33434134","asdasdasd","asdasdas","234"
"43434343","asdasdasd","asdasdasd","34343"
"343424","asdasdasdasd","asdasdasd","3323"
"44556789","cava","itguanzo 5594","32323"
"5589755","Gerbacia Artigas","Carriego 12","3454782354"
"12356987","Robertino Cristinez","Av San Lorenzo","345678914"
"992834","asda","asd","123123"
"992834","asda","asd","123123"
"55281897","Carlito Bala","Brasil123","58974512"
"55281897","Carlito Bala","Brasil123","58974512"
